titulo,modelo,marca,tecnologia,tipo,precio,condicion,envio,ubicacion,opiniones,vendedor_url,tipo_vendedor,ventas_vendedor,image_name,image_urls
Multifuncional Epson L380 Ecotank Tinta Continua Usb,,,,,"4,199",1661 vendidos,Envío gratis a todo el país,¡Es uno de los mejores del sitio!,4.8,https://perfil.mercadolibre.com.mx/BUYSTORE+OFICIAL?brandId=719,MercadoLíder Platinum,,Multifuncional Epson L380 Ecotank Tinta Continua Usb,"https://http2.mlstatic.com/multifuncional-epson-l380-ecotank-tinta-continua-usb-D_NQ_NP_857841-MLM26565851274_122017-O.jpg,https://http2.mlstatic.com/multifuncional-epson-tinta-D_NQ_NP_721865-MLM26565847799_122017-O.jpg,https://http2.mlstatic.com/epson-tinta-multifuncional-D_NQ_NP_788038-MLM26565856585_122017-O.jpg,https://http2.mlstatic.com/multifuncional-epson-l380-ecotank-tinta-continua-usb-D_NQ_NP_856319-MLM26565849305_122017-O.jpg,https://http2.mlstatic.com/multifuncional-epson-tinta-D_NQ_NP_727942-MLM26565842473_122017-O.jpg,https://http2.mlstatic.com/epson-tinta-multifuncional-D_NQ_NP_827447-MLM26565842878_122017-O.jpg,https://http2.mlstatic.com/multifuncional-epson-l380-ecotank-tinta-continua-usb-D_NQ_NP_997282-MLM26565851272_122017-O.jpg,https://http2.mlstatic.com/multifuncional-epson-tinta-D_NQ_NP_853808-MLM26565851778_122017-O.jpg,https://http2.mlstatic.com/epson-tinta-multifuncional-D_NQ_NP_978250-MLM25742271293_072017-O.jpg,https://http2.mlstatic.com/multifuncional-epson-l380-ecotank-tinta-continua-usb-D_NQ_NP_750378-MLM27406150767_052018-O.jpg"
Impresora Hp Deskjet Gt5810 4 Tanques De Tinta + 1 De Regalo,,,,,"2,887",Nuevo  -  21 vendidos,Envío gratis a todo el país,"Tecoman, Colima",4.7,https://perfil.mercadolibre.com.mx/ECOPRINTMX,MercadoLíder,,Impresora Hp Deskjet Gt5810 4 Tanques De Tinta + 1 De Regalo,"https://http2.mlstatic.com/impresora-hp-deskjet-gt5810-4-tanques-de-tinta-1-de-regalo-D_NQ_NP_763759-MLM27141520114_042018-O.jpg,https://http2.mlstatic.com/impresora-hp-deskjet-gt5810-4-tanques-de-tinta-1-de-regalo-D_NQ_NP_781476-MLM27141496812_042018-O.jpg,https://http2.mlstatic.com/impresora-hp-deskjet-gt5810-4-tanques-de-tinta-1-de-regalo-D_NQ_NP_803209-MLM27141538004_042018-O.jpg,https://http2.mlstatic.com/impresora-hp-deskjet-gt5810-4-tanques-de-tinta-1-de-regalo-D_NQ_NP_890478-MLM27141509212_042018-O.jpg,https://http2.mlstatic.com/impresora-hp-deskjet-gt5810-4-tanques-de-tinta-1-de-regalo-D_NQ_NP_913171-MLM27141485908_042018-O.jpg,https://http2.mlstatic.com/impresora-hp-deskjet-gt5810-4-tanques-de-tinta-1-de-regalo-D_NQ_NP_717317-MLM27141509224_042018-O.jpg,https://http2.mlstatic.com/impresora-hp-deskjet-gt5810-4-tanques-de-tinta-1-de-regalo-D_NQ_NP_976965-MLM27141531061_042018-O.jpg"
Impresora De Etiquetas Y Códigos De Barras Con 5 Rollos,,,,,"2,050",Nuevo  -  273 vendidos,Envío gratis a todo el país,"Cuautitlan Izcalli, Estado De México",4.8,https://perfil.mercadolibre.com.mx/ONLINEMEX.COM,MercadoLíder Platinum,,Impresora De Etiquetas Y Códigos De Barras Con 5 Rollos,"https://http2.mlstatic.com/impresora-de-etiquetas-y-codigos-de-barras-con-5-rollos-D_NQ_NP_884751-MLM26743536430_012018-O.jpg,https://http2.mlstatic.com/impresora-de-etiquetas-y-codigos-de-barras-con-5-rollos-D_NQ_NP_554705-MLM25072699924_092016-O.jpg,https://http2.mlstatic.com/impresora-de-etiquetas-y-codigos-de-barras-con-5-rollos-D_NQ_NP_734544-MLM26557120647_122017-O.jpg,https://http2.mlstatic.com/impresora-de-etiquetas-y-codigos-de-barras-con-5-rollos-D_NQ_NP_311705-MLM25072649725_092016-O.jpg,https://http2.mlstatic.com/impresora-de-etiquetas-y-codigos-de-barras-con-5-rollos-D_NQ_NP_800299-MLM26743536944_012018-O.jpg,https://http2.mlstatic.com/impresora-de-etiquetas-y-codigos-de-barras-con-5-rollos-D_NQ_NP_787304-MLM26743544811_012018-O.jpg,https://http2.mlstatic.com/impresora-de-etiquetas-y-codigos-de-barras-con-5-rollos-D_NQ_NP_799953-MLM26743569507_012018-O.jpg"
Mult. Brother Mfc-j4420dw Con Sistema De Tinta Continua,,,,,"3,969",Nuevo  -  94 vendidos,Envío gratis a todo el país,"Puebla, Puebla",4.6,https://perfil.mercadolibre.com.mx/COIMPRIT,MercadoLíder Platinum,,Mult. Brother Mfc-j4420dw Con Sistema De Tinta Continua,"https://http2.mlstatic.com/mult-brother-mfc-j4420dw-con-sistema-de-tinta-continua-D_NQ_NP_885249-MLM27265280421_042018-O.jpg,https://http2.mlstatic.com/mult-brother-tinta-D_NQ_NP_778234-MLM26898458432_022018-O.jpg,https://http2.mlstatic.com/brother-tinta-mult-D_NQ_NP_788190-MLM26898464758_022018-O.jpg,https://http2.mlstatic.com/mult-brother-mfc-j4420dw-con-sistema-de-tinta-continua-D_NQ_NP_878759-MLM26898670795_022018-O.jpg,https://http2.mlstatic.com/mult-brother-tinta-D_NQ_NP_710954-MLM26898678649_022018-O.jpg"
Impresora Multifuncional Epson L575 Inyección De Tinta,,,,,"4,975",Nuevo  -  492 vendidos,Envío gratis a todo el país,"Puebla, Puebla",4.7,https://perfil.mercadolibre.com.mx/AVITEC+STORE,MercadoLíder Platinum,,Impresora Multifuncional Epson L575 Inyección De Tinta,"https://http2.mlstatic.com/impresora-multifuncional-epson-l575-inyeccion-de-tinta-D_NQ_NP_859972-MLM25600206424_052017-O.jpg,https://http2.mlstatic.com/impresora-multifuncional-epson-inyeccion-tinta-D_NQ_NP_735197-MLM25600207913_052017-O.jpg,https://http2.mlstatic.com/epson-inyeccion-tinta-impresora-multifuncional-D_NQ_NP_689596-MLM25600204996_052017-O.jpg,https://http2.mlstatic.com/impresora-multifuncional-epson-l575-inyeccion-de-tinta-D_NQ_NP_849654-MLM25600210709_052017-O.jpg,https://http2.mlstatic.com/impresora-multifuncional-epson-inyeccion-tinta-D_NQ_NP_985014-MLM25600207978_052017-O.jpg,https://http2.mlstatic.com/epson-inyeccion-tinta-impresora-multifuncional-D_NQ_NP_689939-MLM25600210734_052017-O.jpg"
Impresora Pos Usb Punto D Venta 58mm Termica Xprinter,,,,,629,Nuevo  -  1922 vendidos,Envío gratis a todo el país,"General Plutarco Elías Calles, Sonora",4.8,https://perfil.mercadolibre.com.mx/INDUSTRIESMX,MercadoLíder Platinum,,Impresora Pos Usb Punto D Venta 58mm Termica Xprinter,"https://http2.mlstatic.com/impresora-pos-usb-punto-d-venta-58mm-termica-xprinter-D_NQ_NP_772015-MLM25101798244_102016-O.jpg,https://http2.mlstatic.com/impresora-pos-usb-punto-d-venta-58mm-termica-xprinter-D_NQ_NP_537905-MLM25101799172_102016-O.jpg,https://http2.mlstatic.com/impresora-pos-usb-punto-d-venta-58mm-termica-xprinter-D_NQ_NP_236315-MLM25226220813_122016-O.jpg,https://http2.mlstatic.com/impresora-pos-usb-punto-d-venta-58mm-termica-xprinter-D_NQ_NP_221015-MLM25101798765_102016-O.jpg,https://http2.mlstatic.com/impresora-pos-usb-punto-d-venta-58mm-termica-xprinter-D_NQ_NP_587905-MLM25101799180_102016-O.jpg"
Impresora Pagewide Pro Mfp 477dw Multifuncional,,,,,"5,999",Nuevo  -  17 vendidos,Envío gratis a todo el país,"Tecoman, Colima",5.0,https://perfil.mercadolibre.com.mx/ECOPRINTMX,MercadoLíder,,Impresora Pagewide Pro Mfp 477dw Multifuncional,https://http2.mlstatic.com/impresora-pagewide-pro-mfp-477dw-multifuncional-D_NQ_NP_775976-MLM27591444445_062018-O.jpg
Impresora Termica 58mm Usb Punto De Venta + 5 Rollos 57x45mm,,,,,619,Nuevo  -  1649 vendidos,Envío gratis a todo el país,"Morelia, Michoacán",4.8,https://perfil.mercadolibre.com.mx/EFRAZM,MercadoLíder Platinum,,Impresora Termica 58mm Usb Punto De Venta + 5 Rollos 57x45mm,"https://http2.mlstatic.com/impresora-termica-58mm-usb-punto-de-venta-5-rollos-57x45mm-D_NQ_NP_691476-MLM27052617609_032018-O.jpg,https://http2.mlstatic.com/impresora-termica-58mm-usb-punto-de-venta-5-rollos-57x45mm-D_NQ_NP_807011-MLM20468866109_102015-O.jpg,https://http2.mlstatic.com/impresora-termica-58mm-usb-punto-de-venta-5-rollos-57x45mm-D_NQ_NP_216011-MLM20468866122_102015-O.jpg,https://http2.mlstatic.com/impresora-termica-58mm-usb-punto-de-venta-5-rollos-57x45mm-D_NQ_NP_381011-MLM20468866152_102015-O.jpg,https://http2.mlstatic.com/impresora-termica-58mm-usb-punto-de-venta-5-rollos-57x45mm-D_NQ_NP_408311-MLM20527635475_122015-O.jpg,https://http2.mlstatic.com/impresora-termica-58mm-usb-punto-de-venta-5-rollos-57x45mm-D_NQ_NP_560111-MLM20469400379_102015-O.jpg"
Multifuncional Hp Ink Advantage 2135 Inyeccion Color + Usb,,,,,945,52 vendidos,Envío gratis a todo el país,¡Es uno de los mejores del sitio!,4.5,https://perfil.mercadolibre.com.mx/PEDIDOSCOM+MX?brandId=212,MercadoLíder Platinum,,Multifuncional Hp Ink Advantage 2135 Inyeccion Color + Usb,"https://http2.mlstatic.com/multifuncional-hp-ink-advantage-2135-inyeccion-color-usb-D_NQ_NP_945507-MLM26163869226_102017-O.jpg,https://http2.mlstatic.com/multifuncional-hp-ink-advantage-2135-inyeccion-color-usb-D_NQ_NP_832292-MLM26163861343_102017-O.jpg,https://http2.mlstatic.com/multifuncional-hp-ink-advantage-2135-inyeccion-color-usb-D_NQ_NP_676567-MLM26163860780_102017-O.jpg"
"Nueva Multifuncional Hp 7720 Doble Carta Wifi, Fax, Red",,,,,"3,149",Nuevo  -  74 vendidos,Envío gratis a todo el país,"Guadalajara, Jalisco",4.9,https://perfil.mercadolibre.com.mx/GSX+DIGITAL,MercadoLíder Platinum,,"Nueva Multifuncional Hp 7720 Doble Carta Wifi, Fax, Red",https://http2.mlstatic.com/nueva-multifuncional-hp-7720-doble-carta-wifi-fax-red-D_NQ_NP_986542-MLM26672481048_012018-O.jpg
Impresora Termica Portatil Bluetooth 58mm Pos Miniprinter,,,,,"1,499",Nuevo  -  503 vendidos,Envío gratis a todo el país,¡Es uno de los mejores del sitio!,4.5,https://perfil.mercadolibre.com.mx/COMPUPRICE,MercadoLíder Platinum,,Impresora Termica Portatil Bluetooth 58mm Pos Miniprinter,"https://http2.mlstatic.com/impresora-termica-portatil-bluetooth-58mm-pos-miniprinter-D_NQ_NP_912562-MLM27295086098_052018-O.jpg,https://http2.mlstatic.com/impresora-termica-portatil-bluetooth-58mm-pos-miniprinter-D_NQ_NP_962175-MLM26177643890_102017-O.jpg,https://http2.mlstatic.com/impresora-termica-portatil-bluetooth-58mm-pos-miniprinter-D_NQ_NP_977213-MLM26177662725_102017-O.jpg,https://http2.mlstatic.com/impresora-termica-portatil-bluetooth-58mm-pos-miniprinter-D_NQ_NP_867049-MLM26177660805_102017-O.jpg,https://http2.mlstatic.com/impresora-termica-portatil-bluetooth-58mm-pos-miniprinter-D_NQ_NP_992987-MLM26177683585_102017-O.jpg"
Multifuncional L395 / 396 Ecotank Tinta Continua Wifi,,,,,"3,349",Nuevo  -  382 vendidos,Envío gratis a todo el país,"Benito Juárez, Distrito Federal",4.8,https://perfil.mercadolibre.com.mx/PHOTOSHOP+MEXICO,MercadoLíder Platinum,,Multifuncional L395 / 396 Ecotank Tinta Continua Wifi,"https://http2.mlstatic.com/multifuncional-l395-396-ecotank-tinta-continua-wifi-D_NQ_NP_779878-MLM27336437697_052018-O.jpg,https://http2.mlstatic.com/multifuncional-l395-396-ecotank-tinta-continua-wifi-D_NQ_NP_776799-MLM27336439205_052018-O.jpg,https://http2.mlstatic.com/multifuncional-l395-396-ecotank-tinta-continua-wifi-D_NQ_NP_648256-MLM27336423890_052018-O.jpg,https://http2.mlstatic.com/multifuncional-l395-396-ecotank-tinta-continua-wifi-D_NQ_NP_848212-MLM27336417490_052018-O.jpg"
"Multifuncional Hp Deskjet 2135 Escaner, Copias, Impresión",,,,,987,Nuevo  -  54 vendidos,Envío gratis a todo el país,"Guadalajara, Jalisco",4.5,https://perfil.mercadolibre.com.mx/DD+TECH,MercadoLíder Platinum,,"Multifuncional Hp Deskjet 2135 Escaner, Copias, Impresión","https://http2.mlstatic.com/multifuncional-hp-deskjet-2135-escaner-copias-impresion-D_NQ_NP_890669-MLM27185940140_042018-O.jpg,https://http2.mlstatic.com/multifuncional-hp-deskjet-2135-escaner-copias-impresion-D_NQ_NP_642677-MLM27185926309_042018-O.jpg,https://http2.mlstatic.com/multifuncional-hp-deskjet-2135-escaner-copias-impresion-D_NQ_NP_998253-MLM27185949010_042018-O.jpg,https://http2.mlstatic.com/multifuncional-hp-deskjet-2135-escaner-copias-impresion-D_NQ_NP_655610-MLM27185941613_042018-O.jpg"
Impresora Termica 58mm Punto De Venta Usb Mas 5 Rollos,,,,,619,Nuevo  -  586 vendidos,Envío gratis a todo el país,"Teziutlan, Puebla",4.6,https://perfil.mercadolibre.com.mx/DIMAG01,MercadoLíder Platinum,,Impresora Termica 58mm Punto De Venta Usb Mas 5 Rollos,"https://http2.mlstatic.com/impresora-termica-58mm-punto-de-venta-usb-mas-5-rollos-D_NQ_NP_748279-MLM26276750282_112017-O.jpg,https://http2.mlstatic.com/impresora-termica-58mm-punto-de-venta-usb-mas-5-rollos-D_NQ_NP_965905-MLM26276269566_112017-O.jpg"
Impresora Térmica 58 Mm De Tickets Equal Punto De Venta Usb,,,,,799,389 vendidos,Envío gratis a todo el país,¡Es uno de los mejores del sitio!,4.8,https://perfil.mercadolibre.com.mx/ORDENA-MTY?brandId=1411,MercadoLíder Platinum,,Impresora Térmica 58 Mm De Tickets Equal Punto De Venta Usb,"https://http2.mlstatic.com/impresora-termica-58-mm-de-tickets-equal-punto-de-venta-usb-D_NQ_NP_689574-MLM27805924868_072018-O.jpg,https://http2.mlstatic.com/impresora-termica-tickets-D_NQ_NP_770508-MLM27805924866_072018-O.jpg,https://http2.mlstatic.com/termica-tickets-impresora-D_NQ_NP_642506-MLM27805924865_072018-O.jpg,https://http2.mlstatic.com/impresora-termica-58-mm-de-tickets-equal-punto-de-venta-usb-D_NQ_NP_682044-MLM27805924867_072018-O.jpg"
Multifuncional Hp Officejet Pro 8720 Inyeccion De Tinta,,,,,"2,359",Nuevo  -  8 vendidos,Envío gratis a todo el país,"Miguel Hidalgo, Distrito Federal",,https://perfil.mercadolibre.com.mx/TODOCURIOSOMX,MercadoLíder Platinum,,Multifuncional Hp Officejet Pro 8720 Inyeccion De Tinta,"https://http2.mlstatic.com/multifuncional-hp-officejet-pro-8720-inyeccion-de-tinta-D_NQ_NP_215025-MLM25351498853_022017-O.jpg,https://http2.mlstatic.com/multifuncional-inyeccion-tinta-D_NQ_NP_226025-MLM25351498854_022017-O.jpg,https://http2.mlstatic.com/inyeccion-tinta-multifuncional-D_NQ_NP_423025-MLM25351498852_022017-O.jpg"
Multifuncional Canon Maxify Mb5410 Con Sistema De Tinta,,,,,"4,050",Nuevo  -  47 vendidos,Envío gratis a todo el país,"Puebla, Puebla",4.0,https://perfil.mercadolibre.com.mx/COIMPRITMATRIZ,MercadoLíder Platinum,,Multifuncional Canon Maxify Mb5410 Con Sistema De Tinta,"https://http2.mlstatic.com/multifuncional-canon-maxify-mb5410-con-sistema-de-tinta-D_NQ_NP_730125-MLM26646862610_012018-O.jpg,https://http2.mlstatic.com/multifuncional-canon-tinta-D_NQ_NP_641873-MLM26646869096_012018-O.jpg,https://http2.mlstatic.com/canon-tinta-multifuncional-D_NQ_NP_666364-MLM26646869620_012018-O.jpg,https://http2.mlstatic.com/multifuncional-canon-maxify-mb5410-con-sistema-de-tinta-D_NQ_NP_947027-MLM26646864708_012018-O.jpg,https://http2.mlstatic.com/multifuncional-canon-tinta-D_NQ_NP_899099-MLM26890883995_022018-O.jpg,https://http2.mlstatic.com/canon-tinta-multifuncional-D_NQ_NP_853487-MLM26646863289_012018-O.jpg"
Impresora Hp Officejet Pro 6230 Wifi Usb Duplex Puebla,,,,,975,Nuevo  -  10 vendidos,Envío gratis a todo el país,"Puebla, Puebla",4.6,https://perfil.mercadolibre.com.mx/OROZCO+MX,,,Impresora Hp Officejet Pro 6230 Wifi Usb Duplex Puebla,"https://http2.mlstatic.com/impresora-hp-officejet-pro-6230-wifi-usb-duplex-puebla-D_NQ_NP_953191-MLM27794209261_072018-O.jpg,https://http2.mlstatic.com/impresora-hp-officejet-pro-6230-wifi-usb-duplex-puebla-D_NQ_NP_827069-MLM27794234562_072018-O.jpg,https://http2.mlstatic.com/impresora-hp-officejet-pro-6230-wifi-usb-duplex-puebla-D_NQ_NP_688248-MLM27794230595_072018-O.jpg,https://http2.mlstatic.com/impresora-hp-officejet-pro-6230-wifi-usb-duplex-puebla-D_NQ_NP_778944-MLM27794212688_072018-O.jpg,https://http2.mlstatic.com/impresora-hp-officejet-pro-6230-wifi-usb-duplex-puebla-D_NQ_NP_664332-MLM26451639106_112017-O.jpg,https://http2.mlstatic.com/impresora-hp-officejet-pro-6230-wifi-usb-duplex-puebla-D_NQ_NP_710507-MLM26451642024_112017-O.jpg,https://http2.mlstatic.com/impresora-hp-officejet-pro-6230-wifi-usb-duplex-puebla-D_NQ_NP_757136-MLM26451638216_112017-O.jpg"
Impresora Pos Usb Punto De Venta 58mm Termica Envio Gratis,,,,,549,Nuevo  -  169 vendidos,Envío gratis a todo el país,"Morelia, Michoacán",4.8,https://perfil.mercadolibre.com.mx/EFRAZM,MercadoLíder Platinum,,Impresora Pos Usb Punto De Venta 58mm Termica Envio Gratis,"https://http2.mlstatic.com/impresora-pos-usb-punto-de-venta-58mm-termica-envio-gratis-D_NQ_NP_649062-MLM27124525437_042018-O.jpg,https://http2.mlstatic.com/impresora-pos-usb-punto-de-venta-58mm-termica-envio-gratis-D_NQ_NP_807011-MLM20468866109_102015-O.jpg,https://http2.mlstatic.com/impresora-pos-usb-punto-de-venta-58mm-termica-envio-gratis-D_NQ_NP_216011-MLM20468866122_102015-O.jpg,https://http2.mlstatic.com/impresora-pos-usb-punto-de-venta-58mm-termica-envio-gratis-D_NQ_NP_381011-MLM20468866152_102015-O.jpg,https://http2.mlstatic.com/impresora-pos-usb-punto-de-venta-58mm-termica-envio-gratis-D_NQ_NP_560111-MLM20469400379_102015-O.jpg"
Multifuncional Duplex Epson L655 33ppm Usb Wifi Adf Ecotank,,,,,"7,989",Nuevo  -  15 vendidos,Envío gratis a todo el país,¡Es uno de los mejores del sitio!,,https://perfil.mercadolibre.com.mx/GRUPODECME,MercadoLíder Platinum,,Multifuncional Duplex Epson L655 33ppm Usb Wifi Adf Ecotank,"https://http2.mlstatic.com/multifuncional-duplex-epson-l655-33ppm-usb-wifi-adf-ecotank-D_NQ_NP_225121-MLM20708326579_052016-O.jpg,https://http2.mlstatic.com/multifuncional-duplex-epson-l655-33ppm-usb-wifi-adf-ecotank-D_NQ_NP_118121-MLM20708327506_052016-O.jpg,https://http2.mlstatic.com/multifuncional-duplex-epson-l655-33ppm-usb-wifi-adf-ecotank-D_NQ_NP_820765-MLM27141287959_042018-O.jpg,https://http2.mlstatic.com/multifuncional-duplex-epson-l655-33ppm-usb-wifi-adf-ecotank-D_NQ_NP_852912-MLM27141324155_042018-O.jpg,https://http2.mlstatic.com/multifuncional-duplex-epson-l655-33ppm-usb-wifi-adf-ecotank-D_NQ_NP_720135-MLM27141298395_042018-O.jpg"
